{
  "controller": {
    "numerator": [
      -1.9565667083363136,
      -1.4428429680082713
    ],
    "denominator": [
      1.0,
      -0.8765821656925359,
      0.6762850465151004
    ]
  },
  "structure": {
    "num_order": 1,
    "den_order": 2
  },
  "metrics": {
    "steady_state": 1.0000000000025069,
    "percent_overshoot": 1.9244219825629012,
    "settling_time_2pct": 0.16499999999999998,
    "peak_value": 1.0192442198281841
  },
  "plant": {
    "numerator": [
      -2.936
    ],
    "denominator": [
      0.031,
      1.0,
      0.0
    ]
  },
  "sampling_time": 0.015
}