{
  "controller": {
    "numerator": [
      -0.6006886762772841,
      0.60068867728373
    ],
    "denominator": [
      1.0,
      -1.1357561793112598,
      0.3839304655745735
    ]
  },
  "structure": {
    "num_order": 1,
    "den_order": 2
  },
  "metrics": {
    "steady_state": 1.0000000000000069,
    "percent_overshoot": 0.19370733082166725,
    "settling_time_2pct": 6.5,
    "peak_value": 1.0019370733082236
  },
  "plant": {
    "numerator": [
      -0.258873
    ],
    "denominator": [
      1.0,
      0.0,
      0.0
    ]
  },
  "sampling_time": 0.5
}